insert into state values ('1', 'Nový');
insert into state values ('2', 'Schválený');
insert into state values ('3', 'Pripravený na realizáciu');
insert into state values ('4', 'V realizácii');
insert into state values ('5', 'Úspešne ukončený');
insert into state values ('6', 'Dočaste zastavený');
insert into state values ('7', 'Neúspešne ukončený');
insert into state values ('8', 'Zrušený');
insert into state values ('9', 'Zamietnutý');

insert into faculty (id, name) values ('1', 'FEI');
insert into faculty (id, name) values ('2', 'FIIT');
insert into faculty (id, name) values ('3', 'MTF');
insert into faculty (id, name) values ('4', 'FA');
insert into faculty (id, name) values ('5', 'FCHPT');
insert into faculty (id, name) values ('6', 'SjF');
insert into faculty (id, name) values ('7', 'SvF');

insert into institute (name, faculty_id) values ('ÚEAE', '1');
insert into institute (name, faculty_id) values ('ÚEF', '1');
insert into institute (name, faculty_id) values ('ÚE', '1');
insert into institute (name, faculty_id) values ('ÚIM', '1');
insert into institute (name, faculty_id) values ('ÚJFI', '1');
insert into institute (name, faculty_id) values ('ÚRPI', '1');
insert into institute (name, faculty_id) values ('ÚT', '1');
insert into institute (name, faculty_id) values ('KJ', '1');
insert into institute (name, faculty_id) values ('KTV', '1');

insert into institute (name, faculty_id) values ('ÚAPI', '2');
insert into institute (name, faculty_id) values ('ÚISI', '2');
insert into institute (name, faculty_id) values ('ÚPSS', '2');

insert into institute (name, faculty_id) values ('ÚM', '3');
insert into institute (name, faculty_id) values ('ÚVT', '3');
insert into institute (name, faculty_id) values ('ÚVSAM', '3');
insert into institute (name, faculty_id) values ('ÚAIAM', '3');
insert into institute (name, faculty_id) values ('ÚPIMK', '3');
insert into institute (name, faculty_id) values ('ÚBEI', '3');
insert into institute (name, faculty_id) values ('ÚIPHV', '3');

insert into institute (name, faculty_id) values ('ÚAObyB', '4');
insert into institute (name, faculty_id) values ('ÚAObčB', '4');
insert into institute (name, faculty_id) values ('ÚEEA', '4');
insert into institute (name, faculty_id) values ('ÚDTAOP', '4');
insert into institute (name, faculty_id) values ('ÚKAIS', '4');
insert into institute (name, faculty_id) values ('ÚIV', '4');
insert into institute (name, faculty_id) values ('ÚÚÚP', '4');
insert into institute (name, faculty_id) values ('ÚZKA', '4');
insert into institute (name, faculty_id) values ('ÚD', '4');
insert into institute (name, faculty_id) values ('KPMD', '4');
insert into institute (name, faculty_id) values ('KJ', '4');

insert into institute (name, faculty_id) values ('ÚACh', '5');
insert into institute (name, faculty_id) values ('ÚAChTM', '5');
insert into institute (name, faculty_id) values ('ÚBVOZ', '5');
insert into institute (name, faculty_id) values ('ÚBP', '5');
insert into institute (name, faculty_id) values ('ÚFChChF', '5');
insert into institute (name, faculty_id) values ('ÚChEI', '5');
insert into institute (name, faculty_id) values ('ÚIAM', '5');
insert into institute (name, faculty_id) values ('ÚOChKP', '5');
insert into institute (name, faculty_id) values ('ÚPM', '5');
insert into institute (name, faculty_id) values ('OJ', '5');
insert into institute (name, faculty_id) values ('OTVŠ', '5');

insert into institute (name, faculty_id) values ('ÚAMM', '6');
insert into institute (name, faculty_id) values ('ÚAMAI', '6');
insert into institute (name, faculty_id) values ('ÚDTK', '6');
insert into institute (name, faculty_id) values ('ÚMF', '6');
insert into institute (name, faculty_id) values ('ÚChHSZ', '6');
insert into institute (name, faculty_id) values ('ÚTM', '6');
insert into institute (name, faculty_id) values ('ÚTE', '6');
insert into institute (name, faculty_id) values ('ÚVSETMK', '6');
insert into institute (name, faculty_id) values ('CJŠ', '6');
insert into institute (name, faculty_id) values ('CI', '6');
insert into institute (name, faculty_id) values ('VIS', '6');

insert into institute (name, faculty_id) values ('KBKM', '7');
insert into institute (name, faculty_id) values ('KDS', '7');
insert into institute (name, faculty_id) values ('KGZ', '7');
insert into institute (name, faculty_id) values ('KGd', '7');
insert into institute (name, faculty_id) values ('KGt', '7');
insert into institute (name, faculty_id) values ('KVHK', '7');
insert into institute (name, faculty_id) values ('KH', '7');
insert into institute (name, faculty_id) values ('KKPS', '7');
insert into institute (name, faculty_id) values ('KKDK', '7');
insert into institute (name, faculty_id) values ('KMPÚ', '7');
insert into institute (name, faculty_id) values ('KMDG', '7');
insert into institute (name, faculty_id) values ('KF', '7');
insert into institute (name, faculty_id) values ('KSM', '7');
insert into institute (name, faculty_id) values ('KMI', '7');
insert into institute (name, faculty_id) values ('KTS', '7');
insert into institute (name, faculty_id) values ('KZEI', '7');
insert into institute (name, faculty_id) values ('KTZB', '7');
insert into institute (name, faculty_id) values ('KJ', '7');
insert into institute (name, faculty_id) values ('KTV', '7');
insert into institute (name, faculty_id) values ('KHV', '7');
insert into institute (name, faculty_id) values ('KA', '7');
insert into institute (name, faculty_id) values ('ÚSZ', '7');


insert into user values ('1', '50774', 'Samuel', 'Kelemen');